{"frameRate":60,"movies":[{"layers":[{"name":"Layer 3","keyframes":[{"duration":29,"loc":[-1.7,-1],"index":0,"pivot":[160.3,100.5],"ref":"JellyShield"},{"duration":30,"scale":[0.9403,0.9403],"loc":[-1.6271,-1.0006],"index":29,"pivot":[160.4,100.5],"ref":"JellyShield"},{"tweened":false,"duration":1,"loc":[-1.7,-1],"index":59,"pivot":[160.3,100.5],"ref":"JellyShield"}]},{"name":"Layer 2","keyframes":[{"duration":29,"loc":[-0.3,4.5],"index":0,"pivot":[161.9,100.5],"ref":"ShipSprite"},{"duration":30,"loc":[-0.3,-4.5],"index":29,"pivot":[161.9,100.5],"ref":"ShipSprite"},{"tweened":false,"duration":1,"loc":[-0.3,4.5],"index":59,"pivot":[161.9,100.5],"ref":"ShipSprite"}]}],"id":"Parent"},{"layers":[{"name":"Layer 1","keyframes":[{"tweened":false,"duration":1,"loc":[161.9,100.5],"index":0,"pivot":[155.1,100.5],"ref":"ShipHovering"}]}],"id":"ShipSprite"}],"textureGroups":[{"atlases":[{"textures":[{"symbol":"JellyShield","rect":[1,1,321,202],"origin":[0,0]},{"symbol":"ShipShield","rect":[1,205,321,202],"origin":[0,0]}],"file":"atlas0.png"},{"textures":[{"symbol":"ShipHovering","rect":[1,1,317,201],"origin":[-6.8,0]}],"file":"atlas1.png"}],"scaleFactor":1}],"md5":"daed5a4fc5d162a59384ecd65aa95657"}