{"frameRate":60,"movies":[{"layers":[{"name":"colorbg","keyframes":[{"alpha":0.3906,"duration":4,"scale":[1.215,1.215],"loc":[91.9951,91.9951],"index":0,"pivot":[55.65,55.7],"ref":"BacteriaBackground"},{"alpha":0.3555,"duration":47,"scale":[1.1978,1.1978],"loc":[92.1497,92.1497],"index":4,"pivot":[55.7,55.75],"ref":"BacteriaBackground"},{"alpha":0,"duration":1,"scale":[2.0775,2.0775],"loc":[92.3908,92.3908],"index":51,"pivot":[55.85,55.9],"ref":"BacteriaBackground"}]},{"name":"bacteria","keyframes":[{"duration":4,"loc":[92,92],"index":0,"pivot":[64,64],"ref":"BacteriaBlob"},{"duration":6,"scale":[1.1406,1.1406],"loc":[92,92],"index":4,"pivot":[64,64],"ref":"BacteriaBlob"},{"tweened":false,"alpha":0,"duration":17,"scale":[1.4375,1.4375],"loc":[91.8553,91.8553],"index":10,"pivot":[63.9,63.9],"ref":"BacteriaBlob"}]},{"name":"texture","keyframes":[{"duration":4,"scale":[1.2065,1.2065],"loc":[92.0005,92.0005],"index":0,"pivot":[92,92],"ref":"BacteriaTexture"},{"alpha":0,"duration":30,"scale":[1.2065,1.2065],"loc":[92.0005,92.0005],"index":4,"pivot":[92,92],"ref":"BacteriaTexture"},{"alpha":0,"duration":1,"scale":[1.6539,1.6539],"loc":[92.1616,92.1616],"index":34,"pivot":[92,92],"ref":"BacteriaTexture"}]}],"id":"Bacteria"}],"textureGroups":[{"atlases":[{"textures":[{"symbol":"BacteriaTexture","rect":[1,1,184,184],"origin":[0,0]}],"file":"atlas0.png"},{"textures":[{"symbol":"BacteriaBlob","rect":[1,1,128,128],"origin":[0,0]},{"symbol":"BacteriaBackground","rect":[131,1,112,112],"origin":[-0.15,-0.1]}],"file":"atlas1.png"}],"scaleFactor":1}],"md5":"f2954b2e596f97224d8900bc7cbf7b5e"}