{"frameRate":24,"movies":[{"layers":[{"name":"Layer 1","keyframes":[{"loc":[30,30],"duration":14,"index":0,"pivot":[30,30],"ref":"ChildSprite"},{"duration":15,"scale":[0.4,0.4],"loc":[30.0003,-45.9997],"index":14,"pivot":[30,30],"ref":"ChildSprite"},{"duration":1,"tweened":false,"loc":[30,30],"index":29,"pivot":[30,30],"ref":"ChildSprite"}]}],"id":"FlumpTest"}],"textureGroups":[{"atlases":[{"textures":[{"symbol":"ChildSprite","rect":[1,1,60,60],"origin":[0,0]}],"file":"atlas0.png"}],"scaleFactor":1}],"md5":"0e9dc99b28a615bb56d374a033e24b39"}