{"frameRate":24,"movies":[{"layers":[{"name":"flipbook","keyframes":[{"duration":1,"tweened":false,"index":0,"ref":"FlumpTest_flipbook_0"},{"duration":1,"tweened":false,"index":1,"pivot":[-1.25,-1.25],"ref":"FlumpTest_flipbook_1"},{"duration":1,"tweened":false,"index":2,"pivot":[-2.55,-2.55],"ref":"FlumpTest_flipbook_2"},{"duration":1,"tweened":false,"index":3,"pivot":[-3.8,-3.8],"ref":"FlumpTest_flipbook_3"},{"duration":1,"tweened":false,"index":4,"pivot":[-5.05,-5.05],"ref":"FlumpTest_flipbook_4"},{"duration":1,"tweened":false,"index":5,"pivot":[-6.35,-6.35],"ref":"FlumpTest_flipbook_5"},{"duration":1,"tweened":false,"index":6,"pivot":[-7.6,-7.6],"ref":"FlumpTest_flipbook_6"},{"duration":1,"tweened":false,"index":7,"pivot":[-8.85,-8.85],"ref":"FlumpTest_flipbook_7"},{"duration":1,"tweened":false,"index":8,"pivot":[-10.15,-10.15],"ref":"FlumpTest_flipbook_8"},{"duration":1,"tweened":false,"index":9,"pivot":[-11.4,-11.4],"ref":"FlumpTest_flipbook_9"},{"duration":1,"tweened":false,"index":10,"pivot":[-12.65,-12.65],"ref":"FlumpTest_flipbook_10"},{"duration":1,"tweened":false,"index":11,"pivot":[-13.95,-13.95],"ref":"FlumpTest_flipbook_11"},{"duration":1,"tweened":false,"index":12,"pivot":[-15.2,-15.2],"ref":"FlumpTest_flipbook_12"},{"duration":1,"tweened":false,"index":13,"pivot":[-16.45,-16.45],"ref":"FlumpTest_flipbook_13"},{"duration":1,"tweened":false,"index":14,"pivot":[-17.75,-17.75],"ref":"FlumpTest_flipbook_14"},{"duration":1,"tweened":false,"index":15,"pivot":[-19,-19],"ref":"FlumpTest_flipbook_15"},{"duration":1,"tweened":false,"index":16,"pivot":[-17.65,-17.65],"ref":"FlumpTest_flipbook_16"},{"duration":1,"tweened":false,"index":17,"pivot":[-16.3,-16.3],"ref":"FlumpTest_flipbook_17"},{"duration":1,"tweened":false,"index":18,"pivot":[-14.95,-14.95],"ref":"FlumpTest_flipbook_18"},{"duration":1,"tweened":false,"index":19,"pivot":[-13.55,-13.55],"ref":"FlumpTest_flipbook_19"},{"duration":1,"tweened":false,"index":20,"pivot":[-12.2,-12.2],"ref":"FlumpTest_flipbook_20"},{"duration":1,"tweened":false,"index":21,"pivot":[-10.85,-10.85],"ref":"FlumpTest_flipbook_21"},{"duration":1,"tweened":false,"index":22,"pivot":[-9.5,-9.5],"ref":"FlumpTest_flipbook_22"},{"duration":1,"tweened":false,"index":23,"pivot":[-8.15,-8.15],"ref":"FlumpTest_flipbook_23"},{"duration":1,"tweened":false,"index":24,"pivot":[-6.8,-6.8],"ref":"FlumpTest_flipbook_24"},{"duration":1,"tweened":false,"index":25,"pivot":[-5.45,-5.45],"ref":"FlumpTest_flipbook_25"},{"duration":1,"tweened":false,"index":26,"pivot":[-4.05,-4.05],"ref":"FlumpTest_flipbook_26"},{"duration":1,"tweened":false,"index":27,"pivot":[-2.7,-2.7],"ref":"FlumpTest_flipbook_27"},{"duration":1,"tweened":false,"index":28,"pivot":[-1.35,-1.35],"ref":"FlumpTest_flipbook_28"},{"duration":1,"tweened":false,"index":29,"ref":"FlumpTest_flipbook_29"}],"flipbook":true}],"id":"FlumpTest"}],"textureGroups":[{"atlases":[{"textures":[{"symbol":"ChildSprite","rect":[1,1,60,60],"origin":[0,0]},{"symbol":"FlumpTest_flipbook_0","rect":[64,1,60,60],"origin":[0,0]},{"symbol":"FlumpTest_flipbook_29","rect":[127,1,60,60],"origin":[0,0]},{"symbol":"FlumpTest_flipbook_1","rect":[189,1,58,58],"origin":[-1.25,-1.25]},{"symbol":"FlumpTest_flipbook_28","rect":[189,61,58,58],"origin":[-1.35,-1.35]},{"symbol":"FlumpTest_flipbook_2","rect":[1,63,55,55],"origin":[-2.55,-2.55]},{"symbol":"FlumpTest_flipbook_27","rect":[59,63,55,55],"origin":[-2.7,-2.7]},{"symbol":"FlumpTest_flipbook_3","rect":[116,63,53,53],"origin":[-3.8,-3.8]},{"symbol":"FlumpTest_flipbook_26","rect":[116,118,52,52],"origin":[-4.05,-4.05]},{"symbol":"FlumpTest_flipbook_4","rect":[1,120,50,50],"origin":[-5.05,-5.05]},{"symbol":"FlumpTest_flipbook_25","rect":[54,120,50,50],"origin":[-5.45,-5.45]},{"symbol":"FlumpTest_flipbook_5","rect":[170,121,48,48],"origin":[-6.35,-6.35]},{"symbol":"FlumpTest_flipbook_24","rect":[170,171,47,47],"origin":[-6.8,-6.8]},{"symbol":"FlumpTest_flipbook_6","rect":[1,172,45,45],"origin":[-7.6,-7.6]},{"symbol":"FlumpTest_flipbook_23","rect":[48,172,44,44],"origin":[-8.15,-8.15]},{"symbol":"FlumpTest_flipbook_7","rect":[94,172,43,43],"origin":[-8.85,-8.85]},{"symbol":"FlumpTest_flipbook_22","rect":[94,217,41,41],"origin":[-9.5,-9.5]},{"symbol":"FlumpTest_flipbook_8","rect":[48,218,40,40],"origin":[-10.15,-10.15]},{"symbol":"FlumpTest_flipbook_21","rect":[1,219,39,39],"origin":[-10.85,-10.85]},{"symbol":"FlumpTest_flipbook_9","rect":[137,220,38,38],"origin":[-11.4,-11.4]},{"symbol":"FlumpTest_flipbook_20","rect":[219,171,36,36],"origin":[-12.2,-12.2]},{"symbol":"FlumpTest_flipbook_10","rect":[220,121,35,35],"origin":[-12.65,-12.65]},{"symbol":"FlumpTest_flipbook_19","rect":[219,209,33,33],"origin":[-13.55,-13.55]},{"symbol":"FlumpTest_flipbook_11","rect":[177,220,33,33],"origin":[-13.95,-13.95]},{"symbol":"FlumpTest_flipbook_18","rect":[212,244,31,31],"origin":[-14.95,-14.95]},{"symbol":"FlumpTest_flipbook_12","rect":[177,255,30,30],"origin":[-15.2,-15.2]},{"symbol":"FlumpTest_flipbook_17","rect":[139,172,28,28],"origin":[-16.3,-16.3]},{"symbol":"FlumpTest_flipbook_13","rect":[1,260,28,28],"origin":[-16.45,-16.45]},{"symbol":"FlumpTest_flipbook_16","rect":[31,260,25,25],"origin":[-17.65,-17.65]},{"symbol":"FlumpTest_flipbook_14","rect":[58,260,25,25],"origin":[-17.75,-17.75]},{"symbol":"FlumpTest_flipbook_15","rect":[85,260,22,22],"origin":[-19,-19]}],"file":"atlas0.png"}],"scaleFactor":1}],"md5":"21065a44f5e373e210cb88e1ecf5abf1"}