{"frameRate":60,"movies":[{"layers":[{"name":"ikNode_1","keyframes":[{"skew":[-0.2088,-0.2088],"duration":2,"scale":[1.0981,1.0981],"loc":[47.7993,82.6151],"index":0,"pivot":[14.45,64.05],"ref":"VirusHead"},{"skew":[-0.2088,-0.2088],"duration":27,"scale":[1.0981,1.0981],"loc":[47.7993,82.6151],"index":2,"pivot":[14.45,64.05],"ref":"VirusHead"},{"skew":[0.9079,0.9079],"duration":18,"scale":[1.0981,1.0981],"loc":[20.9503,47.2772],"index":29,"pivot":[14.4,64.1],"ref":"VirusHead"},{"tweened":false,"alpha":0,"skew":[0.9079,0.9079],"duration":1,"scale":[1.0981,1.0981],"loc":[17.8665,33.2339],"index":47,"pivot":[14.35,64.1],"ref":"VirusHead"}]},{"name":"ikNode_2","keyframes":[{"skew":[-0.1641,2.9775],"duration":2,"scale":[1.0908,1.0908],"loc":[48.5452,86.407],"index":0,"pivot":[1.25,6.75],"ref":"VirusLeg"},{"skew":[-0.1641,2.9775],"duration":18,"scale":[1.0908,1.0908],"loc":[48.5452,86.407],"index":2,"pivot":[1.25,6.75],"ref":"VirusLeg"},{"skew":[-1.3377,1.8039],"duration":27,"scale":[1.0908,1.0908],"loc":[55.4334,32.4389],"index":20,"pivot":[1.35,6.75],"ref":"VirusLeg"},{"tweened":false,"alpha":0,"skew":[-1.3377,1.8039],"duration":1,"scale":[1.0908,1.0908],"loc":[56.4584,9.6327],"index":47,"pivot":[1.25,6.75],"ref":"VirusLeg"}]},{"name":"ikNode_3","keyframes":[{"skew":[-0.2531,2.8885],"duration":2,"scale":[1.0918,1.0918],"loc":[20.0935,84.9522],"index":0,"pivot":[1.85,1.05],"ref":"VirusFoot"},{"skew":[-0.2531,2.8885],"duration":22,"scale":[1.0918,1.0918],"loc":[20.0935,84.9522],"index":2,"pivot":[1.85,1.05],"ref":"VirusFoot"},{"skew":[-1.6405,1.5011],"duration":23,"scale":[1.0918,1.0918],"loc":[-10.2525,99.0827],"index":24,"pivot":[1.9,0.95],"ref":"VirusFoot"},{"tweened":false,"alpha":0,"skew":[-1.6405,1.5011],"duration":1,"scale":[1.0918,1.0918],"loc":[-29.1602,118.1238],"index":47,"pivot":[1.8,0.95],"ref":"VirusFoot"}]},{"name":"ikNode_4","keyframes":[{"skew":[-0.2387,-0.2387],"duration":2,"scale":[1.0927,1.0927],"loc":[49.6083,85.4292],"index":0,"pivot":[2.05,5.55],"ref":"VirusLeg"},{"skew":[-0.2387,-0.2387],"duration":38,"scale":[1.0927,1.0927],"loc":[49.6083,85.4292],"index":2,"pivot":[2.05,5.55],"ref":"VirusLeg"},{"skew":[1.0349,1.0349],"duration":7,"scale":[1.0927,1.0927],"loc":[-12.2507,88.2254],"index":40,"pivot":[2.05,5.55],"ref":"VirusLeg"},{"tweened":false,"alpha":0,"skew":[1.0349,1.0349],"duration":1,"scale":[1.0927,1.0927],"loc":[-22.2228,95.5724],"index":47,"pivot":[2.1,5.55],"ref":"VirusLeg"}]},{"name":"ikNode_5","keyframes":[{"skew":[-0.1702,-0.1702],"duration":2,"scale":[1.0912,1.0912],"loc":[74.3428,74.8743],"index":0,"pivot":[1.3,1.25],"ref":"VirusFoot"},{"skew":[-0.1702,-0.1702],"duration":25,"scale":[1.0912,1.0912],"loc":[74.3428,74.8743],"index":2,"pivot":[1.3,1.25],"ref":"VirusFoot"},{"skew":[0.7585,0.7585],"duration":20,"scale":[1.0912,1.0912],"loc":[56.6626,27.3544],"index":27,"pivot":[1.4,1.2],"ref":"VirusFoot"},{"tweened":false,"alpha":0,"skew":[0.7585,0.7585],"duration":1,"scale":[1.0912,1.0912],"loc":[66.6647,8.4315],"index":47,"pivot":[1.45,1.25],"ref":"VirusFoot"}]},{"name":"ikNode_6","keyframes":[{"skew":[-0.6561,-0.6562],"duration":2,"scale":[0.6271,1.0931],"loc":[50.4308,83.9887],"index":0,"pivot":[4.75,4.2],"ref":"VirusLeg"},{"skew":[-0.6561,-0.6562],"duration":14,"scale":[0.6271,1.0931],"loc":[50.4308,83.9887],"index":2,"pivot":[4.75,4.2],"ref":"VirusLeg"},{"skew":[-2.4059,-2.4059],"duration":31,"scale":[0.6271,1.0931],"loc":[10.414,101.7113],"index":16,"pivot":[4.75,4.25],"ref":"VirusLeg"},{"tweened":false,"alpha":0,"skew":[-2.4059,-2.4059],"duration":1,"scale":[0.6271,1.0931],"loc":[7.2641,116.6092],"index":47,"pivot":[4.8,4.35],"ref":"VirusLeg"}]},{"name":"ikNode_7","keyframes":[{"skew":[0.314,0.314],"duration":2,"scale":[1.0923,1.0923],"loc":[59.4842,72.9655],"index":0,"pivot":[1.5,0.6],"ref":"VirusFoot"},{"skew":[0.314,0.314],"duration":33,"scale":[1.0923,1.0923],"loc":[59.4842,72.9655],"index":2,"pivot":[1.5,0.6],"ref":"VirusFoot"},{"skew":[-0.344,-0.344],"duration":12,"scale":[1.0923,1.0923],"loc":[83.6611,53.2782],"index":35,"pivot":[1.4,0.7],"ref":"VirusFoot"},{"tweened":false,"alpha":0,"skew":[-0.344,-0.344],"duration":1,"scale":[1.0923,1.0923],"loc":[91.0281,58.348],"index":47,"pivot":[1.35,0.75],"ref":"VirusFoot"}]},{"name":"ikNode_8","keyframes":[{"skew":[0.2384,-2.9034],"duration":2,"scale":[0.6274,1.0951],"loc":[47.2619,85.5663],"index":0,"pivot":[3.9,4.7],"ref":"VirusLeg"},{"skew":[0.2384,-2.9034],"duration":19,"scale":[0.6274,1.0951],"loc":[47.2619,85.5663],"index":2,"pivot":[3.9,4.7],"ref":"VirusLeg"},{"skew":[-1.1178,-4.2596],"duration":26,"scale":[0.6274,1.0951],"loc":[9.5753,44.329],"index":21,"pivot":[3.9,4.75],"ref":"VirusLeg"},{"tweened":false,"alpha":0,"skew":[-1.1178,-4.2596],"duration":1,"scale":[0.6274,1.0951],"loc":[-2.8255,45.4029],"index":47,"pivot":[3.9,4.8],"ref":"VirusLeg"}]},{"name":"ikNode_9","keyframes":[{"skew":[-0.5882,2.5534],"duration":2,"scale":[1.094,1.094],"loc":[34.65,79],"index":0,"pivot":[1.1,1.1],"ref":"VirusFoot"},{"skew":[-0.5882,2.5534],"duration":27,"scale":[1.094,1.094],"loc":[34.65,79],"index":2,"pivot":[1.1,1.1],"ref":"VirusFoot"},{"skew":[0.9297,4.0713],"duration":18,"scale":[1.094,1.094],"loc":[89.4,111],"index":29,"pivot":[1.1,1.1],"ref":"VirusFoot"},{"tweened":false,"alpha":0,"skew":[0.9297,4.0713],"duration":1,"scale":[1.094,1.094],"loc":[90.9,121.75],"index":47,"pivot":[1.1,1.1],"ref":"VirusFoot"}]}],"id":"VIrus"}],"textureGroups":[{"atlases":[{"textures":[{"symbol":"VirusBody","rect":[1,1,93,95],"origin":[1.25,0]},{"symbol":"VirusHead","rect":[96,1,30,69],"origin":[0,0]},{"symbol":"DiamondB","rect":[96,72,25,55],"origin":[0,0]},{"symbol":"VirusFoot","rect":[1,98,19,24],"origin":[1.1,1.1]},{"symbol":"VirusLeg","rect":[22,98,27,7],"origin":[1.1,1.1]}],"file":"atlas0.png"}],"scaleFactor":1}],"md5":"07f91564732d57ac3176bc8de6d879b3"}