{"frameRate":60,"movies":[{"layers":[{"name":"Layer 1","keyframes":[{"duration":14,"loc":[30,50.75],"index":0,"pivot":[39,46.5],"ref":"HeartBottom"},{"duration":4,"loc":[30,50.75],"index":14,"pivot":[39,46.5],"ref":"HeartBottom"},{"duration":5,"scale":[1.1333,1.1333],"loc":[29.9999,50.7499],"index":18,"pivot":[39,46.5],"ref":"HeartBottom"},{"duration":3,"loc":[30,50.75],"index":23,"pivot":[39,46.5],"ref":"HeartBottom"},{"duration":19,"scale":[1.1333,1.1333],"loc":[29.9995,50.7494],"index":26,"pivot":[39,46.5],"ref":"HeartBottom"},{"duration":14,"loc":[30,50.75],"index":45,"pivot":[39,46.5],"ref":"HeartBottom"},{"duration":1,"loc":[30,50.75],"index":59,"pivot":[39,46.5],"ref":"HeartBottom"}]},{"name":"Layer 2","keyframes":[{"duration":14,"loc":[25.5,22],"index":0,"pivot":[23.3,31.6],"ref":"HeartTop"},{"duration":4,"loc":[25.5,22],"index":14,"pivot":[23.3,31.6],"ref":"HeartTop"},{"duration":5,"scale":[1.0714,1.0714],"loc":[25.5,19.9678],"index":18,"pivot":[23.3,31.55],"ref":"HeartTop"},{"duration":3,"loc":[25.5,22],"index":23,"pivot":[23.3,31.6],"ref":"HeartTop"},{"duration":19,"scale":[1.0714,1.0714],"loc":[25.4998,19.9139],"index":26,"pivot":[23.3,31.5],"ref":"HeartTop"},{"duration":14,"loc":[25.5,22],"index":45,"pivot":[23.3,31.6],"ref":"HeartTop"},{"tweened":false,"duration":1,"loc":[25.5,22],"index":59,"pivot":[23.3,31.6],"ref":"HeartTop"}]}],"id":"Heart"}],"textureGroups":[{"atlases":[{"textures":[{"symbol":"HeartBottom","rect":[1,1,79,93],"origin":[9,9]}],"file":"atlas0.png"},{"textures":[{"symbol":"HeartTop","rect":[1,1,47,64],"origin":[9.3,9.6]}],"file":"atlas1.png"}],"scaleFactor":1}],"md5":"914416cbf2ffd7f4d4a68d7d27b7d977"}