{"frameRate":24,"movies":[{"layers":[{"name":"flipbook","keyframes":[{"duration":1,"tweened":false,"index":0,"pivot":[15.6,5.4],"ref":"FlumpTest_flipbook_0"},{"duration":1,"tweened":false,"index":1,"pivot":[15.55,5.4],"ref":"FlumpTest_flipbook_1"},{"duration":1,"tweened":false,"index":2,"pivot":[15.55,5.4],"ref":"FlumpTest_flipbook_2"},{"duration":1,"tweened":false,"index":3,"pivot":[15.55,5.4],"ref":"FlumpTest_flipbook_3"},{"duration":1,"tweened":false,"index":4,"pivot":[15.55,5.4],"ref":"FlumpTest_flipbook_4"},{"duration":1,"tweened":false,"index":5,"pivot":[15.55,5.4],"ref":"FlumpTest_flipbook_5"},{"duration":1,"tweened":false,"index":6,"pivot":[15.55,5.4],"ref":"FlumpTest_flipbook_6"},{"duration":1,"tweened":false,"index":7,"pivot":[15.55,5.4],"ref":"FlumpTest_flipbook_7"},{"duration":1,"tweened":false,"index":8,"pivot":[15.55,5.4],"ref":"FlumpTest_flipbook_8"},{"duration":1,"tweened":false,"index":9,"pivot":[15.5,5.4],"ref":"FlumpTest_flipbook_9"},{"duration":1,"tweened":false,"index":10,"pivot":[15.5,5.4],"ref":"FlumpTest_flipbook_10"},{"duration":1,"tweened":false,"index":11,"pivot":[15.5,5.4],"ref":"FlumpTest_flipbook_11"},{"duration":1,"tweened":false,"index":12,"pivot":[15.5,5.4],"ref":"FlumpTest_flipbook_12"},{"duration":1,"tweened":false,"index":13,"pivot":[15.5,5.4],"ref":"FlumpTest_flipbook_13"},{"duration":1,"tweened":false,"index":14,"pivot":[15.5,5.4],"ref":"FlumpTest_flipbook_14"},{"duration":1,"tweened":false,"index":15,"pivot":[15.5,5.4],"ref":"FlumpTest_flipbook_15"},{"duration":1,"tweened":false,"index":16,"pivot":[15.5,5.4],"ref":"FlumpTest_flipbook_16"},{"duration":1,"tweened":false,"index":17,"pivot":[15.5,5.4],"ref":"FlumpTest_flipbook_17"},{"duration":1,"tweened":false,"index":18,"pivot":[15.5,5.4],"ref":"FlumpTest_flipbook_18"},{"duration":1,"tweened":false,"index":19,"pivot":[15.45,5.4],"ref":"FlumpTest_flipbook_19"},{"duration":1,"tweened":false,"index":20,"pivot":[15.45,5.4],"ref":"FlumpTest_flipbook_20"},{"duration":1,"tweened":false,"index":21,"pivot":[15.45,5.4],"ref":"FlumpTest_flipbook_21"},{"duration":1,"tweened":false,"index":22,"pivot":[15.45,5.4],"ref":"FlumpTest_flipbook_22"},{"duration":1,"tweened":false,"index":23,"pivot":[15.45,5.4],"ref":"FlumpTest_flipbook_23"},{"duration":1,"tweened":false,"index":24,"pivot":[15.45,5.4],"ref":"FlumpTest_flipbook_24"},{"duration":1,"tweened":false,"index":25,"pivot":[15.45,5.4],"ref":"FlumpTest_flipbook_25"},{"duration":1,"tweened":false,"index":26,"pivot":[15.45,5.4],"ref":"FlumpTest_flipbook_26"},{"duration":1,"tweened":false,"index":27,"pivot":[15.45,5.4],"ref":"FlumpTest_flipbook_27"},{"duration":1,"tweened":false,"index":28,"pivot":[15.4,5.4],"ref":"FlumpTest_flipbook_28"},{"duration":1,"tweened":false,"index":29,"pivot":[15.4,5.4],"ref":"FlumpTest_flipbook_29"},{"duration":1,"tweened":false,"index":30,"pivot":[16.45,5.4],"ref":"FlumpTest_flipbook_30"},{"duration":1,"tweened":false,"index":31,"pivot":[17.5,5.4],"ref":"FlumpTest_flipbook_31"},{"duration":1,"tweened":false,"index":32,"pivot":[18.65,5.4],"ref":"FlumpTest_flipbook_32"},{"duration":1,"tweened":false,"index":33,"pivot":[19.6,5.4],"ref":"FlumpTest_flipbook_33"},{"duration":1,"tweened":false,"index":34,"pivot":[20.6,5.4],"ref":"FlumpTest_flipbook_34"},{"duration":1,"tweened":false,"index":35,"pivot":[21.5,5.4],"ref":"FlumpTest_flipbook_35"},{"duration":1,"tweened":false,"index":36,"pivot":[22.55,5.4],"ref":"FlumpTest_flipbook_36"},{"duration":1,"tweened":false,"index":37,"pivot":[23.4,5.4],"ref":"FlumpTest_flipbook_37"},{"duration":1,"tweened":false,"index":38,"pivot":[24.35,5.4],"ref":"FlumpTest_flipbook_38"},{"duration":1,"tweened":false,"index":39,"pivot":[25.25,5.4],"ref":"FlumpTest_flipbook_39"},{"duration":1,"tweened":false,"index":40,"pivot":[26.1,5.4],"ref":"FlumpTest_flipbook_40"},{"duration":1,"tweened":false,"index":41,"pivot":[27,5.4],"ref":"FlumpTest_flipbook_41"},{"duration":1,"tweened":false,"index":42,"pivot":[27.8,5.4],"ref":"FlumpTest_flipbook_42"},{"duration":1,"tweened":false,"index":43,"pivot":[28.65,5.35],"ref":"FlumpTest_flipbook_43"},{"duration":1,"tweened":false,"index":44,"pivot":[29.45,5.35],"ref":"FlumpTest_flipbook_44"},{"duration":1,"tweened":false,"index":45,"pivot":[30.2,5.35],"ref":"FlumpTest_flipbook_45"},{"duration":1,"tweened":false,"index":46,"pivot":[30.9,5.35],"ref":"FlumpTest_flipbook_46"},{"duration":1,"tweened":false,"index":47,"pivot":[31.7,5.35],"ref":"FlumpTest_flipbook_47"},{"duration":1,"tweened":false,"index":48,"pivot":[32.45,5.35],"ref":"FlumpTest_flipbook_48"},{"duration":1,"tweened":false,"index":49,"pivot":[33.05,5.35],"ref":"FlumpTest_flipbook_49"},{"duration":1,"tweened":false,"index":50,"pivot":[33.75,5.35],"ref":"FlumpTest_flipbook_50"},{"duration":1,"tweened":false,"index":51,"pivot":[34.45,5.35],"ref":"FlumpTest_flipbook_51"},{"duration":1,"tweened":false,"index":52,"pivot":[35,5.35],"ref":"FlumpTest_flipbook_52"},{"duration":1,"tweened":false,"index":53,"pivot":[35.65,5.35],"ref":"FlumpTest_flipbook_53"},{"duration":1,"tweened":false,"index":54,"pivot":[36.25,5.35],"ref":"FlumpTest_flipbook_54"},{"duration":1,"tweened":false,"index":55,"pivot":[36.7,5.35],"ref":"FlumpTest_flipbook_55"},{"duration":1,"tweened":false,"index":56,"pivot":[37.25,5.35],"ref":"FlumpTest_flipbook_56"},{"duration":1,"tweened":false,"index":57,"pivot":[37.75,5.35],"ref":"FlumpTest_flipbook_57"},{"duration":1,"tweened":false,"index":58,"pivot":[38.2,5.35],"ref":"FlumpTest_flipbook_58"},{"duration":1,"tweened":false,"index":59,"pivot":[38.65,5.35],"ref":"FlumpTest_flipbook_59"},{"duration":1,"tweened":false,"index":60,"pivot":[38.2,5.35],"ref":"FlumpTest_flipbook_60"},{"duration":1,"tweened":false,"index":61,"pivot":[37.75,5.35],"ref":"FlumpTest_flipbook_61"},{"duration":1,"tweened":false,"index":62,"pivot":[37.3,5.35],"ref":"FlumpTest_flipbook_62"},{"duration":1,"tweened":false,"index":63,"pivot":[36.75,5.35],"ref":"FlumpTest_flipbook_63"},{"duration":1,"tweened":false,"index":64,"pivot":[36.3,5.35],"ref":"FlumpTest_flipbook_64"},{"duration":1,"tweened":false,"index":65,"pivot":[35.65,5.35],"ref":"FlumpTest_flipbook_65"},{"duration":1,"tweened":false,"index":66,"pivot":[35,5.35],"ref":"FlumpTest_flipbook_66"},{"duration":1,"tweened":false,"index":67,"pivot":[34.45,5.35],"ref":"FlumpTest_flipbook_67"},{"duration":1,"tweened":false,"index":68,"pivot":[33.8,5.35],"ref":"FlumpTest_flipbook_68"},{"duration":1,"tweened":false,"index":69,"pivot":[33.1,5.35],"ref":"FlumpTest_flipbook_69"},{"duration":1,"tweened":false,"index":70,"pivot":[32.5,5.35],"ref":"FlumpTest_flipbook_70"},{"duration":1,"tweened":false,"index":71,"pivot":[31.75,5.35],"ref":"FlumpTest_flipbook_71"},{"duration":1,"tweened":false,"index":72,"pivot":[30.95,5.4],"ref":"FlumpTest_flipbook_72"},{"duration":1,"tweened":false,"index":73,"pivot":[30.3,5.4],"ref":"FlumpTest_flipbook_73"},{"duration":1,"tweened":false,"index":74,"pivot":[29.55,5.4],"ref":"FlumpTest_flipbook_74"},{"duration":1,"tweened":false,"index":75,"pivot":[28.75,5.4],"ref":"FlumpTest_flipbook_75"},{"duration":1,"tweened":false,"index":76,"pivot":[27.85,5.4],"ref":"FlumpTest_flipbook_76"},{"duration":1,"tweened":false,"index":77,"pivot":[27.05,5.4],"ref":"FlumpTest_flipbook_77"},{"duration":1,"tweened":false,"index":78,"pivot":[26.2,5.4],"ref":"FlumpTest_flipbook_78"},{"duration":1,"tweened":false,"index":79,"pivot":[25.35,5.4],"ref":"FlumpTest_flipbook_79"},{"duration":1,"tweened":false,"index":80,"pivot":[24.45,5.4],"ref":"FlumpTest_flipbook_80"},{"duration":1,"tweened":false,"index":81,"pivot":[23.5,5.4],"ref":"FlumpTest_flipbook_81"},{"duration":1,"tweened":false,"index":82,"pivot":[22.65,5.4],"ref":"FlumpTest_flipbook_82"},{"duration":1,"tweened":false,"index":83,"pivot":[21.6,5.4],"ref":"FlumpTest_flipbook_83"},{"duration":1,"tweened":false,"index":84,"pivot":[20.7,5.4],"ref":"FlumpTest_flipbook_84"},{"duration":1,"tweened":false,"index":85,"pivot":[19.7,5.4],"ref":"FlumpTest_flipbook_85"},{"duration":1,"tweened":false,"index":86,"pivot":[18.8,5.4],"ref":"FlumpTest_flipbook_86"},{"duration":1,"tweened":false,"index":87,"pivot":[17.65,5.4],"ref":"FlumpTest_flipbook_87"},{"duration":1,"tweened":false,"index":88,"pivot":[16.6,5.4],"ref":"FlumpTest_flipbook_88"},{"duration":1,"tweened":false,"index":89,"pivot":[15.55,5.4],"ref":"FlumpTest_flipbook_89"}],"flipbook":true}],"id":"FlumpTest"}],"textureGroups":[{"atlases":[{"textures":[{"symbol":"FlumpTest_flipbook_41","rect":[1,1,136,199],"origin":[27,5.4]},{"symbol":"FlumpTest_flipbook_38","rect":[139,1,137,197],"origin":[24.35,5.4]},{"symbol":"FlumpTest_flipbook_40","rect":[279,1,136,198],"origin":[26.1,5.4]},{"symbol":"FlumpTest_flipbook_42","rect":[417,1,135,199],"origin":[27.8,5.4]},{"symbol":"FlumpTest_flipbook_36","rect":[554,1,137,196],"origin":[22.55,5.4]},{"symbol":"FlumpTest_flipbook_37","rect":[693,1,137,196],"origin":[23.4,5.4]},{"symbol":"FlumpTest_flipbook_34","rect":[832,1,137,196],"origin":[20.6,5.4]},{"symbol":"FlumpTest_flipbook_35","rect":[971,1,137,196],"origin":[21.5,5.4]},{"symbol":"FlumpTest_flipbook_44","rect":[1110,1,134,200],"origin":[29.45,5.35]},{"symbol":"FlumpTest_flipbook_43","rect":[1246,1,134,200],"origin":[28.65,5.35]},{"symbol":"FlumpTest_flipbook_59","rect":[1382,1,127,211],"origin":[38.65,5.35]},{"symbol":"FlumpTest_flipbook_39","rect":[1511,1,136,197],"origin":[25.25,5.4]},{"symbol":"FlumpTest_flipbook_45","rect":[1649,1,133,201],"origin":[30.2,5.35]},{"symbol":"FlumpTest_flipbook_33","rect":[1784,1,136,196],"origin":[19.6,5.4]},{"symbol":"FlumpTest_flipbook_32","rect":[554,199,136,196],"origin":[18.65,5.4]},{"symbol":"FlumpTest_flipbook_31","rect":[692,199,136,196],"origin":[17.5,5.4]},{"symbol":"FlumpTest_flipbook_58","rect":[830,199,127,209],"origin":[38.2,5.35]},{"symbol":"FlumpTest_flipbook_46","rect":[959,199,132,201],"origin":[30.9,5.35]},{"symbol":"FlumpTest_flipbook_30","rect":[1784,199,135,196],"origin":[16.45,5.4]},{"symbol":"FlumpTest_flipbook_60","rect":[1921,199,126,210],"origin":[38.2,5.35]},{"symbol":"FlumpTest_flipbook_61","rect":[139,200,126,210],"origin":[37.75,5.35]},{"symbol":"FlumpTest_flipbook_62","rect":[1511,200,126,210],"origin":[37.3,5.35]},{"symbol":"FlumpTest_flipbook_47","rect":[267,201,131,201],"origin":[31.7,5.35]},{"symbol":"FlumpTest_flipbook_27","rect":[1,202,134,196],"origin":[15.45,5.4]},{"symbol":"FlumpTest_flipbook_28","rect":[400,202,134,196],"origin":[15.4,5.4]},{"symbol":"FlumpTest_flipbook_29","rect":[1093,203,134,196],"origin":[15.4,5.4]},{"symbol":"FlumpTest_flipbook_63","rect":[1229,203,125,210],"origin":[36.75,5.35]},{"symbol":"FlumpTest_flipbook_64","rect":[1639,204,125,210],"origin":[36.3,5.35]},{"symbol":"FlumpTest_flipbook_57","rect":[1356,214,126,208],"origin":[37.75,5.35]},{"symbol":"FlumpTest_flipbook_48","rect":[536,397,130,201],"origin":[32.45,5.35]},{"symbol":"FlumpTest_flipbook_56","rect":[668,397,126,207],"origin":[37.25,5.35]},{"symbol":"FlumpTest_flipbook_25","rect":[1766,397,133,196],"origin":[15.45,5.4]},{"symbol":"FlumpTest_flipbook_26","rect":[1,400,133,196],"origin":[15.45,5.4]},{"symbol":"FlumpTest_flipbook_49","rect":[400,400,129,202],"origin":[33.05,5.35]},{"symbol":"FlumpTest_flipbook_65","rect":[1093,401,124,209],"origin":[35.65,5.35]},{"symbol":"FlumpTest_flipbook_24","rect":[959,402,132,196],"origin":[15.45,5.4]},{"symbol":"FlumpTest_flipbook_66","rect":[267,404,123,209],"origin":[35,5.35]},{"symbol":"FlumpTest_flipbook_67","rect":[796,410,123,209],"origin":[34.45,5.35]},{"symbol":"FlumpTest_flipbook_23","rect":[1901,411,131,196],"origin":[15.45,5.4]},{"symbol":"FlumpTest_flipbook_22","rect":[1484,412,131,196],"origin":[15.45,5.4]},{"symbol":"FlumpTest_flipbook_50","rect":[136,412,127,202],"origin":[33.75,5.35]},{"symbol":"FlumpTest_flipbook_55","rect":[1219,415,125,205],"origin":[36.7,5.35]},{"symbol":"FlumpTest_flipbook_54","rect":[1617,416,125,204],"origin":[36.25,5.35]},{"symbol":"FlumpTest_flipbook_68","rect":[1346,424,122,209],"origin":[33.8,5.35]},{"symbol":"FlumpTest_flipbook_21","rect":[1744,595,130,196],"origin":[15.45,5.4]},{"symbol":"FlumpTest_flipbook_51","rect":[1,598,126,202],"origin":[34.45,5.35]},{"symbol":"FlumpTest_flipbook_69","rect":[531,600,122,208],"origin":[33.1,5.35]},{"symbol":"FlumpTest_flipbook_20","rect":[921,600,129,196],"origin":[15.45,5.4]},{"symbol":"FlumpTest_flipbook_70","rect":[392,604,121,208],"origin":[32.5,5.35]},{"symbol":"FlumpTest_flipbook_19","rect":[655,606,128,196],"origin":[15.45,5.4]},{"symbol":"FlumpTest_flipbook_53","rect":[1876,609,124,202],"origin":[35.65,5.35]},{"symbol":"FlumpTest_flipbook_18","rect":[1470,610,127,197],"origin":[15.5,5.4]},{"symbol":"FlumpTest_flipbook_71","rect":[1052,612,120,208],"origin":[31.75,5.35]},{"symbol":"FlumpTest_flipbook_17","rect":[130,616,126,198],"origin":[15.5,5.4]},{"symbol":"FlumpTest_flipbook_52","rect":[265,615,124,201],"origin":[35,5.35]},{"symbol":"FlumpTest_flipbook_72","rect":[785,621,119,208],"origin":[30.95,5.4]},{"symbol":"FlumpTest_flipbook_73","rect":[1174,622,119,208],"origin":[30.3,5.4]},{"symbol":"FlumpTest_flipbook_16","rect":[1599,622,125,198],"origin":[15.5,5.4]},{"symbol":"FlumpTest_flipbook_15","rect":[1295,635,124,199],"origin":[15.5,5.4]},{"symbol":"FlumpTest_flipbook_14","rect":[1726,793,123,199],"origin":[15.5,5.4]},{"symbol":"FlumpTest_flipbook_74","rect":[906,798,118,207],"origin":[29.55,5.4]},{"symbol":"FlumpTest_flipbook_13","rect":[1,802,122,200],"origin":[15.5,5.4]},{"symbol":"FlumpTest_flipbook_75","rect":[655,804,117,207],"origin":[28.75,5.4]},{"symbol":"FlumpTest_flipbook_12","rect":[1421,809,121,200],"origin":[15.5,5.4]},{"symbol":"FlumpTest_flipbook_77","rect":[515,810,116,207],"origin":[27.05,5.4]},{"symbol":"FlumpTest_flipbook_76","rect":[1851,813,116,207],"origin":[27.85,5.4]},{"symbol":"FlumpTest_flipbook_11","rect":[391,814,119,200],"origin":[15.5,5.4]},{"symbol":"FlumpTest_flipbook_10","rect":[125,816,118,201],"origin":[15.5,5.4]},{"symbol":"FlumpTest_flipbook_78","rect":[245,818,115,206],"origin":[26.2,5.4]},{"symbol":"FlumpTest_flipbook_79","rect":[1026,822,114,206],"origin":[25.35,5.4]},{"symbol":"FlumpTest_flipbook_9","rect":[1544,822,116,201],"origin":[15.5,5.4]},{"symbol":"FlumpTest_flipbook_80","rect":[774,831,113,206],"origin":[24.45,5.4]},{"symbol":"FlumpTest_flipbook_8","rect":[1142,832,115,201],"origin":[15.55,5.4]},{"symbol":"FlumpTest_flipbook_81","rect":[1259,836,112,206],"origin":[23.5,5.4]},{"symbol":"FlumpTest_flipbook_82","rect":[1662,994,111,205],"origin":[22.65,5.4]},{"symbol":"FlumpTest_flipbook_7","rect":[1,1004,113,201],"origin":[15.55,5.4]},{"symbol":"FlumpTest_flipbook_6","rect":[889,1007,112,202],"origin":[15.55,5.4]},{"symbol":"FlumpTest_flipbook_83","rect":[1373,1011,110,205],"origin":[21.6,5.4]},{"symbol":"FlumpTest_flipbook_84","rect":[633,1013,109,205],"origin":[20.7,5.4]},{"symbol":"FlumpTest_flipbook_5","rect":[362,1016,110,202],"origin":[15.55,5.4]},{"symbol":"FlumpTest_flipbook_85","rect":[116,1019,108,204],"origin":[19.7,5.4]},{"symbol":"FlumpTest_flipbook_4","rect":[474,1019,109,202],"origin":[15.55,5.4]},{"symbol":"FlumpTest_flipbook_86","rect":[1775,1022,107,204],"origin":[18.8,5.4]},{"symbol":"FlumpTest_flipbook_87","rect":[1884,1022,106,204],"origin":[17.65,5.4]},{"symbol":"FlumpTest_flipbook_3","rect":[1485,1025,107,202],"origin":[15.55,5.4]},{"symbol":"FlumpTest_flipbook_88","rect":[226,1026,105,204],"origin":[16.6,5.4]},{"symbol":"FlumpTest_flipbook_89","rect":[1003,1030,104,203],"origin":[15.55,5.4]},{"symbol":"FlumpTest_flipbook_0","rect":[1109,1035,104,203],"origin":[15.6,5.4]},{"symbol":"FlumpTest_flipbook_2","rect":[744,1039,105,201],"origin":[15.55,5.4]},{"symbol":"FlumpTest_flipbook_1","rect":[1215,1044,104,202],"origin":[15.55,5.4]},{"symbol":"RIghtLegSprite","rect":[1922,1,58,71],"origin":[0,0]},{"symbol":"HeadSprite","rect":[1982,1,60,60],"origin":[0,0]},{"symbol":"ChildSprite","rect":[1982,63,60,60],"origin":[0,0]},{"symbol":"LeftLegSprite","rect":[1922,74,48,63],"origin":[0,0]},{"symbol":"BodySprite","rect":[1972,74,5,80],"origin":[0,0]}],"file":"atlas0.png"}],"scaleFactor":1}],"md5":"8d527a03ddda4b9a27f929eafb34be5f"}