{"frameRate":60,"movies":[{"layers":[{"name":"Armature_6","keyframes":[{"skew":[-0.2088,-0.2088],"duration":89,"loc":[43.1813,59.8298],"index":0,"pivot":[46.35,47.1],"ref":"VirusBody"},{"skew":[0.164,0.164],"duration":90,"scale":[1.047,1.047],"loc":[43.1364,59.862],"index":89,"pivot":[46.35,47.1],"ref":"VirusBody"},{"tweened":false,"skew":[-0.2088,-0.2088],"duration":1,"loc":[43.2309,59.8202],"index":179,"pivot":[46.4,47.1],"ref":"VirusBody"}]}],"id":"VIrus"}],"textureGroups":[{"atlases":[{"textures":[{"symbol":"VirusBody","rect":[1,1,93,95],"origin":[1.25,0]},{"symbol":"VirusHead","rect":[96,1,30,69],"origin":[0,0]},{"symbol":"DiamondB","rect":[96,72,25,55],"origin":[0,0]},{"symbol":"VirusFoot","rect":[1,98,19,24],"origin":[1.1,1.1]},{"symbol":"VirusLeg","rect":[22,98,27,7],"origin":[1.1,1.1]}],"file":"atlas0.png"}],"scaleFactor":1}],"md5":"5471205599e0fee995d637c9f1b6624b"}