{"frameRate":60,"movies":[{"layers":[{"name":"colorbg","keyframes":[{"alpha":0.3906,"duration":44,"scale":[1.215,1.215],"loc":[91.9959,91.9959],"index":0,"pivot":[55.65,55.7],"ref":"BacteriaBackground"},{"alpha":0.3906,"duration":45,"scale":[0.8931,0.8931],"loc":[91.0286,91.0286],"index":44,"pivot":[55.7,55.75],"ref":"BacteriaBackground"},{"alpha":0.3906,"duration":1,"scale":[1.215,1.215],"loc":[91.9951,91.9951],"index":89,"pivot":[55.65,55.7],"ref":"BacteriaBackground"}]},{"name":"bacteria","keyframes":[{"duration":44,"loc":[92,92],"index":0,"pivot":[64,64],"ref":"BacteriaBlob"},{"duration":45,"scale":[0.8438,0.8438],"loc":[92.05,92.05],"index":44,"pivot":[64,64],"ref":"BacteriaBlob"},{"tweened":false,"duration":1,"loc":[92,92],"index":89,"pivot":[64,64],"ref":"BacteriaBlob"}]},{"name":"texture","keyframes":[{"duration":44,"scale":[1.2065,1.2065],"loc":[92.0005,92.0005],"index":0,"pivot":[92,92],"ref":"BacteriaTexture"},{"duration":45,"scale":[0.9021,0.9021],"loc":[91.9932,91.9932],"index":44,"pivot":[92,92],"ref":"BacteriaTexture"},{"tweened":false,"duration":1,"scale":[1.2065,1.2065],"loc":[92.0005,92.0005],"index":89,"pivot":[92,92],"ref":"BacteriaTexture"}]}],"id":"Bacteria"},{"layers":[{"name":"Layer 1","keyframes":[{"tweened":false,"duration":1,"loc":[161.9,100.5],"index":0,"pivot":[155.1,100.5],"ref":"ShipHovering"}]}],"id":"ShipSprite"}],"textureGroups":[{"atlases":[{"textures":[{"symbol":"ShipShield","rect":[1,1,321,202],"origin":[0,0]},{"symbol":"ShipHovering","rect":[1,205,317,201],"origin":[-6.8,0]},{"symbol":"BacteriaTexture","rect":[324,1,184,184],"origin":[0,0]},{"symbol":"BacteriaBlob","rect":[324,187,128,128],"origin":[0,0]},{"symbol":"BacteriaBackground","rect":[320,317,112,112],"origin":[-0.15,-0.1]}],"file":"atlas0.png"}],"scaleFactor":1}],"md5":"8b509ffbff7d117b5d255288f4ba1427"}